"mse.train_mean","mae.train_mean","mse.test_mean","mae.test_mean","dispersion_mean","expected.zero.ratio_mean","mse.train_sd","mae.train_sd","mse.test_sd","mae.test_sd","dispersion_sd","expected.zero.ratio_sd","model","id"
24.3722613323626,3.5060670092815,37.5392636015153,3.79354764869902,5.40903014735364,0.156367778622492,1.39698326751653,0.0648339336685425,17.5044446487461,0.488009252833893,0.173276884550614,0.00382351125282546,"Poisson",1
25.2529434489624,3.54363708205734,37.6380468834469,3.7902862179752,0.836839947877703,0.807770831176411,1.17219268385721,0.0524647420456257,19.9869144694617,0.741160843619899,0.0137420462239259,0.00524955318863505,"NB",2
25.3247166540065,3.53064954324058,28.9614131543172,3.75761914691358,1.94025216522481,0.99543370708156,1.20874664536105,0.0627348233249323,11.2318839811322,0.459201877141259,0.0633001177072868,0.00160225720923655,"ZIP",3
25.8359064587015,3.52487948107113,28.5848115886425,3.72952750607008,1.17269261995722,0.975981985120562,1.43897336628849,0.0721221526259325,14.4742373423566,0.599298433723484,0.0113496468408166,0.00529876027310665,"ZINB",4
25.2903361963334,3.53295165443401,29.149753444112,3.76239264083962,1.92868175457431,1,1.02357692416409,0.0374352100886794,11.7407673454184,0.314810099296069,0.0497281433285407,0,"Hurdle Poisson",5
25.7042453749621,3.54199387924507,28.451059525438,3.72262040229472,1.16664965443847,1,1.66434709304285,0.0831879317499976,15.6028719251839,0.583541569717914,0.014472582448338,0,"Hurdle NB",6
4.37160856389734,1.72741081226386,35.0790447504303,3.7978628800918,5.19498810391254,0.233425314783537,0.219714651112603,0.044595643318386,18.4851727967187,0.629703100907441,0.158024856499986,0.0285039315703598,"MOB Poisson",7
1.11835590658481,0.872685029402853,36.3477911646586,3.86207687894435,0.955057569152538,0.799004441227599,0.00745777401646166,0.00221817059590434,15.6494473819496,0.4347857051787,0.0798533751210977,0.00861382491670654,"MOB NB",8
7.51013459561621,1.46600478594577,1.67954577519738e+99,1.93192234691763e+48,Inf,0.420159047790502,3.32028493018694,0.238450957520883,5.31119008413685e+99,6.10927487007446e+48,NA,0.125717428661681,"CORE",9
