"mse.train_mean","mae.train_mean","mse.test_mean","mae.test_mean","dispersion_mean","expected.zero_mean","expected.zero.ratio_mean","mse.train_sd","mae.train_sd","mse.test_sd","mae.test_sd","dispersion_sd","expected.zero_sd","expected.zero.ratio_sd","model","id"
28.2523101995155,3.57988432609894,46.309021712228,3.93558074361169,5.58635445799956,61,0.193754167552283,1.45147934646244,0.0555669544036857,19.2842098315844,0.395599387341248,0.162905093234713,0,0.0111582068682075,"Poisson",1
31.274216609497,3.63902666527158,46.4402440513855,3.94007320021878,0.874711887864086,256,0.80954297474725,1.975818088929,0.0501873529777237,25.9022453400269,0.642748240687173,0.0161942596348988,0,0.00862328202954601,"NB",2
29.5650726350488,3.59008457348106,37.0498334524014,3.97815415121783,2.05237369921886,320,0.9907066699247,1.74031489732921,0.0353237233342548,18.9421293765947,0.252009701326584,0.0657931404046574,0,0.00209046865983354,"ZIP",3
30.5891853530007,3.57012684048202,37.253306835017,3.93747900060536,1.19254286320481,316,0.953802896552921,1.56089410713756,0.0608218786620672,12.745802579615,0.304782110464161,0.0165271016570841,0,0.0149081142689193,"ZINB",4
29.56624267499,3.60510304666474,35.6923582708138,3.93067627843495,2.03215513889716,323,1,2.35281156811018,0.0791097497623762,22.2086289533854,0.555726778246269,0.0503765897683671,0,0,"Hurdle Poisson",5
30.7714939911185,3.61089075905502,36.240642489294,3.94079757927984,1.1958364134706,319,1,1.92257181619265,0.0649930733277642,18.7954676021102,0.514241290514995,0.0132190988696037,0,0,"Hurdle NB",6
5.01002090832658,1.8485134824937,50.248836996337,4.12107142857143,5.62232507769961,68,0.210505757786287,0,0,30.1272819292964,0.710045216501211,0,0,0.00323218136314444,"MOB Poisson",7
1.12220686632555,0.870013622550044,50.3112912087912,4.12132783882784,0.870118257073391,291,0.900917181139754,0,0,23.4465138494332,0.558883682427324,0,0,0.0162734263829084,"MOB NB",8
