"mse.train_mean","mae.train_mean","mse.test_mean","mae.test_mean","dispersion_mean","expected.zero.ratio_mean","mse.train_sd","mae.train_sd","mse.test_sd","mae.test_sd","dispersion_sd","expected.zero.ratio_sd","model","id"
24.2717926435331,3.50185622301,37.5067211303236,3.78569631461959,5.38273008959479,0.156435334417556,1.05220139073823,0.0571184413627683,16.4076279218826,0.638736943939949,0.178652846169938,0.00673141401259748,"Poisson",1
25.1875008775999,3.53438246045383,37.6033557260563,3.79875642435023,0.838321388621338,0.806207915313461,0.985253748786968,0.0355867031931743,15.1111477151976,0.525141410311871,0.0105287326667343,0.00456917199849652,"NB",2
25.1841119834723,3.51252205189321,28.875972772894,3.74885127878414,1.93128645043081,0.994286616176272,1.17628446845823,0.0545702938302508,10.5734716007828,0.380108351996266,0.0560935120659483,0.00202204330384364,"ZIP",3
25.5951470928881,3.50368918581442,29.6864241933057,3.7444296041902,1.17000261746079,0.972185133002438,1.3526581627337,0.0610350677505606,13.7146219604202,0.48835900987793,0.0128707506229264,0.00734468214413174,"ZINB",4
25.2540953874509,3.51917686633741,28.3598039533226,3.73248715764359,1.91708248682827,1,0.964826185519864,0.0542090355781601,9.50134537214828,0.469696417308456,0.0531130550013592,0,"Hurdle Poisson",5
25.504382683307,3.52361176007361,28.6120016509773,3.73181357828032,1.16401178555621,1,1.20120794441361,0.0493302842299231,12.0106133368229,0.455043845508639,0.0110078562218398,0,"Hurdle NB",6
4.62744788141933,1.78312873801873,37.4593947217441,3.85675559380379,5.29188635025484,0.196784362287523,0.332658635053179,0.0664808544278567,12.5349469200026,0.470799180425866,0.170642613910575,0.0432190125334016,"MOB Poisson",7
1.12119897269846,0.873139156213034,40.5491107286288,3.9710843373494,0.853770083610074,0.806677226708335,0.00404193726099715,0.00172234626935428,17.9725637835768,0.545125055422935,0.053826075791265,0.00541276268178116,"MOB NB",8
16.9422527315764,2.80443483228444,51.0760309721364,4.13481763975938,3.10460807494731,0.739922057099151,3.44112577145465,0.381552881732571,43.6499312594941,0.829948299936658,0.37783195735329,0.162128307419364,"CORE",9
